fixture_id,date,status,round,home_team,home_team_id,away_team,away_team_id,home_score,away_score,played
1133225,2023-09-27T00:00:00+00:00,CANC,3rd Round,Sparta Praha,628,Viktoria Žižkov,3729,,,False
1133223,2023-09-27T00:00:00+00:00,CANC,3rd Round,FK Jablonec,1122,Prostějov,3725,,,False
1133218,2023-09-27T00:00:00+00:00,CANC,3rd Round,Dukla Praha,3715,Opava,3717,,,False
1133222,2023-09-27T00:00:00+00:00,CANC,3rd Round,Teplice,3720,Vyškov,7379,,,False
1133219,2023-09-27T00:00:00+00:00,CANC,3rd Round,Chrudim,3722,Hradec Králové,3723,,,False
1133226,2023-09-27T00:00:00+00:00,CANC,3rd Round,Vysočina Jihlava,3731,Slovan Liberec,782,,,False
1133220,2023-09-27T00:00:00+00:00,CANC,3rd Round,Zbrojovka Brno,3733,Plzen,567,,,False
1133224,2023-09-27T00:00:00+00:00,CANC,3rd Round,Artis,4257,Slovácko,3719,,,False
1133221,2023-09-27T00:00:00+00:00,CANC,3rd Round,Hanácká,7291,České Budějovice,3736,,,False
1133214,2023-09-27T00:00:00+00:00,CANC,3rd Round,Jiskra Domažlice,7304,Bohemians 1905,3714,,,False
1133212,2023-09-27T00:00:00+00:00,CANC,3rd Round,Kladno,7307,Zlin,603,,,False
1133215,2023-09-27T00:00:00+00:00,CANC,3rd Round,Kolín,7309,Baník Ostrava,3713,,,False
1133216,2023-09-27T00:00:00+00:00,CANC,3rd Round,Mariánské Lázně,7317,Slavia Praha,560,,,False
1133213,2023-09-27T00:00:00+00:00,CANC,3rd Round,Sokol Zápy,7356,Sigma Olomouc,2250,,,False
1133217,2023-09-27T00:00:00+00:00,CANC,3rd Round,Uničov,7369,Pardubice,3724,,,False
1052175,2023-07-22T08:15:00+00:00,FT,1st Preliminary Round,Vratimov,16877,Beskyd Frenštát,7275,2,6,True
1052173,2023-07-22T15:00:00+00:00,FT,1st Preliminary Round,Jeseník,21617,Slavoj Olympia Bruntál,7344,2,0,True
1095793,2023-07-23T00:00:00+00:00,FT,1st Preliminary Round,Kostelec na Hané,21618,HFK Olomouc,7290,4,1,True
1095792,2023-07-23T00:00:00+00:00,FT,1st Preliminary Round,Sokol Čechovice,21620,Viktorie Přerov,7375,3,0,True
1052171,2023-07-23T15:00:00+00:00,FT,1st Preliminary Round,Kuřim,19689,Velké Meziříčí,7373,2,0,True
1052170,2023-07-23T15:00:00+00:00,FT,1st Preliminary Round,Nová Ves NMM,19785,Humpolec,7301,1,3,True
1052176,2023-07-23T15:00:00+00:00,FT,1st Preliminary Round,Petřvald na Moravě,21619,Bílovec,16875,2,4,True
1095753,2023-07-28T15:00:00+00:00,FT,2nd Preliminary Round,Bzenec,7280,Sokol Lanžhot,7351,0,3,True
1098808,2023-07-28T15:30:00+00:00,FT,2nd Preliminary Round,Humpolec,7301,Žďár nad Sázavou,7389,1,3,True
1095754,2023-07-28T15:30:00+00:00,FT,2nd Preliminary Round,Slavičín,7343,Viktoria Otrokovice,7374,0,1,True
1095755,2023-07-28T15:30:00+00:00,FT,2nd Preliminary Round,Baťov,19420,Hodonín,7297,2,4,True
1095756,2023-07-28T16:00:00+00:00,FT,2nd Preliminary Round,Hořovicko,7299,Sokol Hostouň,7350,1,2,True
1095757,2023-07-28T16:00:00+00:00,FT,2nd Preliminary Round,Slavia Hradec Králové,21648,Vysoké Mýto,7378,2,0,True
1095783,2023-07-29T08:00:00+00:00,FT,2nd Preliminary Round,Beskyd Frenštát,7275,Vítkovice,3732,1,2,True
1095760,2023-07-29T08:15:00+00:00,AET,2nd Preliminary Round,Olympie Březová,7327,Mariánské Lázně,7317,4,5,False
1095761,2023-07-29T08:15:00+00:00,FT,2nd Preliminary Round,Petřín Plzeň,7330,Hvězda Cheb,7302,2,1,True
1095762,2023-07-29T08:15:00+00:00,FT,2nd Preliminary Round,Velké Hamry,7372,Trutnov,7367,6,1,True
1095758,2023-07-29T08:15:00+00:00,AET,2nd Preliminary Round,Hřebeč,19425,Újezd Praha 4,19439,3,4,False
1095759,2023-07-29T08:15:00+00:00,FT,2nd Preliminary Round,Spoje Praha,21649,Benátky nad Jizerou,7274,1,3,True
1095763,2023-07-29T08:30:00+00:00,FT,2nd Preliminary Round,Přeštice,7337,Ostrov,7328,8,0,True
1095764,2023-07-29T13:00:00+00:00,FT,2nd Preliminary Round,Polanka nad Odrou,7332,Hlučín,7296,0,1,True
1095765,2023-07-29T14:00:00+00:00,FT,2nd Preliminary Round,Sokol Nespeky,21647,Komárov,7310,2,1,True
1095773,2023-07-29T15:00:00+00:00,FT,2nd Preliminary Round,Chomutov,7282,Aritma Praha,7269,3,1,True
1095769,2023-07-29T15:00:00+00:00,AET,2nd Preliminary Round,Jiskra Rýmařov,7305,Krnov,19428,3,2,False
1095771,2023-07-29T15:00:00+00:00,FT,2nd Preliminary Round,Letohrad,7313,Hlinsko,7295,0,2,True
1095772,2023-07-29T15:00:00+00:00,AET,2nd Preliminary Round,Rokycany,7339,Doubravka,7285,1,2,False
1095767,2023-07-29T15:00:00+00:00,FT,2nd Preliminary Round,Skaštice,7341,Slovan Rosice,7347,0,3,True
1095785,2023-07-29T15:00:00+00:00,FT,2nd Preliminary Round,Bílovec,16875,Frýdek-Místek,7288,0,3,True
1095774,2023-07-29T15:00:00+00:00,AET,2nd Preliminary Round,Holešov,16876,Uherský Brod,8624,2,1,False
1095768,2023-07-29T15:00:00+00:00,FT,2nd Preliminary Round,Břidličná,19421,Uničov,7369,0,6,True
1095770,2023-07-29T15:00:00+00:00,FT,2nd Preliminary Round,Libišany,19429,Cidlina Novy Bydzov,19422,3,9,True
1095782,2023-07-29T15:00:00+00:00,FT,2nd Preliminary Round,Kostelec na Hané,21618,Tatran Bohunice,19436,0,8,True
1095766,2023-07-29T15:00:00+00:00,FT,2nd Preliminary Round,Tachov,21646,Klatovy,7308,1,3,True
1095794,2023-07-29T15:00:00+00:00,FT,2nd Preliminary Round,Chrastava,21981,Turnov,19437,0,2,True
1095795,2023-07-29T15:00:00+00:00,FT,2nd Preliminary Round,MILO Olomouc,21983,Blansko,7276,5,3,True
1095796,2023-07-29T15:00:00+00:00,FT,2nd Preliminary Round,Tempo Praha,21985,Kladno,7307,2,3,True
1095775,2023-07-29T15:30:00+00:00,FT,2nd Preliminary Round,Tatran Všechovice,7366,Hranice,7300,0,1,True
1095776,2023-07-29T16:00:00+00:00,FT,2nd Preliminary Round,Vsetín,7377,Valašské Meziříčí,7370,7,1,True
1095777,2023-07-30T09:15:00+00:00,FT,2nd Preliminary Round,Řepiště,21652,Nový Jičín,7323,3,1,True
1095778,2023-07-30T15:00:00+00:00,FT,2nd Preliminary Round,Havířov,7293,Bospor Bohumín,7277,2,1,True
1095789,2023-07-30T15:00:00+00:00,FT,2nd Preliminary Round,Sokol Tasovice,7355,Start Brno,7361,3,5,True
1095786,2023-07-30T15:00:00+00:00,FT,2nd Preliminary Round,Stará Říše,7362,Znojmo,3734,0,2,True
1095791,2023-07-30T15:00:00+00:00,FT,2nd Preliminary Round,Strání,7363,Břeclav,8631,5,3,True
1095790,2023-07-30T15:00:00+00:00,FT,2nd Preliminary Round,Unie Hlubina,7368,Frýdlant,7289,2,1,True
1095788,2023-07-30T15:00:00+00:00,FT,2nd Preliminary Round,Český Brod,7382,Slaný,7342,2,0,True
1095784,2023-07-30T15:00:00+00:00,FT,2nd Preliminary Round,Dálnice Speřice,19424,Ždírec nad Doubravou,7388,0,2,True
1095787,2023-07-30T15:00:00+00:00,FT,2nd Preliminary Round,Kuřim,19689,Vrchovina,7376,1,2,True
1095781,2023-07-30T15:00:00+00:00,FT,2nd Preliminary Round,Jeseník,21617,Šumperk,7387,0,2,True
1095780,2023-07-30T15:00:00+00:00,FT,2nd Preliminary Round,Sokol Čechovice,21620,Kozlovice,7311,1,5,True
1095779,2023-07-30T15:00:00+00:00,FT,2nd Preliminary Round,Pelhřimov,21651,Havlíčkův Brod,7292,0,2,True
1095797,2023-07-30T15:00:00+00:00,AET,2nd Preliminary Round,Baník Modlany,21980,Štětí,7386,2,2,False
1095798,2023-07-30T15:00:00+00:00,AET,2nd Preliminary Round,Hluboka nad Vltavou,21982,Spartak Soběslav,7360,1,1,False
1095799,2023-07-30T15:00:00+00:00,FT,2nd Preliminary Round,Spartak Průhonice,21984,Benešov,7273,0,6,True
1102849,2023-08-02T16:00:00+00:00,FT,1st Round,Turnov,19437,Arsenal Česká Lípa,7270,1,2,True
1102855,2023-08-08T16:00:00+00:00,FT,1st Round,Doubravka,7285,Jiskra Domažlice,7304,1,4,True
1102820,2023-08-08T16:00:00+00:00,AET,1st Round,Sokol Lanžhot,7351,Start Brno,7361,2,2,False
1102818,2023-08-09T15:00:00+00:00,FT,1st Round,Ždírec nad Doubravou,7388,Zbrojovka Brno,3733,1,4,True
1102811,2023-08-09T15:00:00+00:00,FT,1st Round,Řepiště,21652,Prostějov,3725,0,26,True
1102867,2023-08-09T16:00:00+00:00,FT,1st Round,Vítkovice,3732,Třinec,3727,0,4,True
1102866,2023-08-09T16:00:00+00:00,FT,1st Round,Benátky nad Jizerou,7274,Sokol Zápy,7356,0,3,True
1102871,2023-08-09T16:00:00+00:00,FT,1st Round,Brandýs nad Labem,7278,Chlumec nad Cidlinou,7281,0,2,True
1102869,2023-08-09T16:00:00+00:00,FT,1st Round,Chomutov,7282,Sokol Brozany,7349,0,2,True
1102817,2023-08-09T16:00:00+00:00,FT,1st Round,Havlíčkův Brod,7292,Vysočina Jihlava,3731,0,8,True
1102810,2023-08-09T16:00:00+00:00,FT,1st Round,Havířov,7293,Unie Hlubina,7368,0,2,True
1102853,2023-08-09T16:00:00+00:00,FT,1st Round,Hlinsko,7295,Sokol Živanice,7358,1,0,True
1102804,2023-08-09T16:00:00+00:00,AET,1st Round,Hodonín,7297,Vyškov,7379,2,2,False
1102851,2023-08-09T16:00:00+00:00,FT,1st Round,Kladno,7307,Králův Dvůr,7312,1,0,True
1102813,2023-08-09T16:00:00+00:00,FT,1st Round,Klatovy,7308,Táborsko,3726,1,6,True
1102854,2023-08-09T16:00:00+00:00,FT,1st Round,Mariánské Lázně,7317,Karlovy Vary,7306,4,0,True
1102872,2023-08-09T16:00:00+00:00,FT,1st Round,Neratovice-Byškovice,7320,Baník Most,17235,0,1,True
1102868,2023-08-09T16:00:00+00:00,FT,1st Round,Petřín Plzeň,7330,Přeštice,7337,2,1,True
1102812,2023-08-09T16:00:00+00:00,FT,1st Round,Sokol Hostouň,7350,Dukla Praha,3715,1,4,True
1102806,2023-08-09T16:00:00+00:00,FT,1st Round,Vsetín,7377,Kozlovice,7311,3,1,True
1102859,2023-08-09T16:00:00+00:00,FT,1st Round,Český Brod,7382,Loko Vltavín,7315,0,3,True
1102870,2023-08-09T16:00:00+00:00,AET,1st Round,Čáslav,7384,Admira Praha,7268,1,2,False
1102857,2023-08-09T16:00:00+00:00,FT,1st Round,Štětí,7386,Ústí nad Labem,3735,2,3,True
1102865,2023-08-09T16:00:00+00:00,FT,1st Round,Otava Katovice,8626,Příbram,3718,1,2,True
1102808,2023-08-09T16:00:00+00:00,FT,1st Round,Holešov,16876,MILO Olomouc,21983,4,1,True
1102860,2023-08-09T16:00:00+00:00,FT,1st Round,Slavoj Český Krumlov,19432,Vlašim,3730,0,7,True
1102858,2023-08-09T16:00:00+00:00,FT,1st Round,Újezd Praha 4,19439,Slovan Velvary,7348,0,1,True
1102862,2023-08-09T16:00:00+00:00,AET,1st Round,Sokol Nespeky,21647,Motorlet Praha,7319,6,3,False
1102807,2023-08-09T16:00:00+00:00,FT,1st Round,Slavia Hradec Králové,21648,Chrudim,3722,0,2,True
1102805,2023-08-15T15:00:00+00:00,FT,1st Round,Jiskra Rýmařov,7305,Hlučín,7296,0,4,True
1102815,2023-08-15T15:30:00+00:00,FT,1st Round,Viktoria Otrokovice,7374,Frýdek-Místek,7288,3,1,True
1102803,2023-08-15T15:30:00+00:00,FT,1st Round,Šumperk,7387,Opava,3717,1,5,True
1102819,2023-08-16T15:00:00+00:00,FT,1st Round,Strání,7363,Slovan Rosice,7347,1,0,True
1102816,2023-08-16T15:00:00+00:00,FT,1st Round,Vrchovina,7376,Artis,4257,1,3,True
1102814,2023-08-16T15:00:00+00:00,FT,1st Round,Žďár nad Sázavou,7389,Znojmo,3734,0,3,True
1102850,2023-08-16T15:30:00+00:00,AET,1st Round,Velké Hamry,7372,Přepeře,7336,2,1,False
1102863,2023-08-16T15:30:00+00:00,FT,1st Round,Kosmonosy,14004,Varnsdorf,3728,1,4,True
1102864,2023-08-16T16:00:00+00:00,FT,1st Round,Benešov,7273,Povltava FA,14005,1,2,True
1102856,2023-08-16T16:00:00+00:00,FT,1st Round,Spartak Soběslav,7360,Písek,7334,1,0,True
1102861,2023-08-16T16:00:00+00:00,FT,1st Round,Cidlina Novy Bydzov,19422,Kolín,7309,0,1,True
1102802,2023-08-16T16:00:00+00:00,AET,1st Round,Tatran Bohunice,19436,Hanácká,7291,2,4,False
1102809,2023-08-22T16:00:00+00:00,FT,1st Round,Hranice,7300,Uničov,7369,0,1,True
1102852,2023-08-23T15:00:00+00:00,FT,1st Round,Ústí nad Orlicí,7381,Viktoria Žižkov,3729,0,5,True
1119701,2023-08-29T15:00:00+00:00,AET,2nd Round,Velké Hamry,7372,České Budějovice,3736,1,3,False
1119522,2023-08-29T15:00:00+00:00,FT,2nd Round,Holešov,16876,Opava,3717,0,7,True
1119520,2023-08-29T15:30:00+00:00,FT,2nd Round,Viktoria Otrokovice,7374,Vyškov,7379,1,5,True
1119317,2023-08-29T15:30:00+00:00,FT,2nd Round,Sokol Nespeky,21647,Vysočina Jihlava,3731,1,6,True
1119521,2023-08-29T16:00:00+00:00,FT,2nd Round,Hlučín,7296,Baník Ostrava,3713,0,2,True
1119323,2023-08-30T14:30:00+00:00,FT,2nd Round,Třinec,3727,Sigma Olomouc,2250,1,4,True
1119314,2023-08-30T15:00:00+00:00,AET,2nd Round,Jiskra Domažlice,7304,Příbram,3718,2,0,False
1119702,2023-08-30T15:00:00+00:00,FT,2nd Round,Kolín,7309,Chlumec nad Cidlinou,7281,3,1,True
1119320,2023-08-30T15:00:00+00:00,FT,2nd Round,Sokol Lanžhot,7351,Zlin,603,0,1,True
1119703,2023-08-30T15:00:00+00:00,FT,2nd Round,Strání,7363,Hanácká,7291,1,2,True
1119322,2023-08-30T15:00:00+00:00,FT,2nd Round,Unie Hlubina,7368,Slovácko,3719,0,8,True
1119321,2023-08-30T15:00:00+00:00,FT,2nd Round,Vsetín,7377,Zbrojovka Brno,3733,0,4,True
1119318,2023-08-30T15:30:00+00:00,FT,2nd Round,Baník Souš,7271,Pardubice,3724,0,3,True
1119310,2023-08-30T15:30:00+00:00,FT,2nd Round,Sokol Brozany,7349,Teplice,3720,3,4,True
1119315,2023-08-30T16:00:00+00:00,FT,2nd Round,Mlada Boleslav,640,Ústí nad Labem,3735,4,2,True
1119705,2023-09-05T15:00:00+00:00,FT,2nd Round,Znojmo,3734,Prostějov,3725,2,4,True
1119316,2023-09-05T15:00:00+00:00,FT,2nd Round,Admira Praha,7268,FK Jablonec,1122,1,5,True
1122026,2023-09-06T14:30:00+00:00,FT,2nd Round,Uničov,7369,Karviná,3716,1,0,True
1119313,2023-09-06T15:00:00+00:00,FT,2nd Round,Arsenal Česká Lípa,7270,Chrudim,3722,1,2,True
1119704,2023-09-06T15:00:00+00:00,AET,2nd Round,Hlinsko,7295,Artis,4257,1,2,False
1119700,2023-09-06T15:00:00+00:00,FT,2nd Round,Kladno,7307,Varnsdorf,3728,2,1,True
1119311,2023-09-06T15:00:00+00:00,FT,2nd Round,Loko Vltavín,7315,Dukla Praha,3715,0,3,True
1119319,2023-09-06T15:00:00+00:00,FT,2nd Round,Petřín Plzeň,7330,Mariánské Lázně,7317,0,1,True
1119312,2023-09-06T15:00:00+00:00,FT,2nd Round,Sokol Zápy,7356,Táborsko,3726,1,0,True
1119706,2023-09-06T15:00:00+00:00,FT,2nd Round,Spartak Soběslav,7360,Hradec Králové,3723,2,4,True
1123306,2023-09-06T15:00:00+00:00,FT,2nd Round,Povltava FA,14005,Viktoria Žižkov,3729,1,6,True
1119309,2023-09-20T14:00:00+00:00,AET,2nd Round,Slovan Velvary,7348,Vlašim,3730,1,1,False
1134120,2023-09-26T14:00:00+00:00,FT,3rd Round,Kladno,7307,Slovan Liberec,782,0,2,True
1134128,2023-09-26T15:00:00+00:00,FT,3rd Round,Mlada Boleslav,640,Prostějov,3725,4,2,True
1134116,2023-09-27T13:30:00+00:00,FT,3rd Round,Opava,3717,Zbrojovka Brno,3733,3,2,True
1134119,2023-09-27T13:30:00+00:00,AET,3rd Round,Jiskra Domažlice,7304,FK Jablonec,1122,1,1,False
1135003,2023-09-27T13:30:00+00:00,AET,3rd Round,Slovan Velvary,7348,Pardubice,3724,1,1,False
1134117,2023-09-27T13:30:00+00:00,FT,3rd Round,Sokol Zápy,7356,Baník Ostrava,3713,1,2,True
1134127,2023-09-27T14:00:00+00:00,FT,3rd Round,Artis,4257,Sparta Praha,628,0,1,True
1134121,2023-09-27T14:00:00+00:00,FT,3rd Round,Hanácká,7291,Slavia Praha,560,0,2,True
1134123,2023-09-27T14:00:00+00:00,FT,3rd Round,Vyškov,7379,Teplice,3720,1,0,True
1134124,2023-09-27T16:00:00+00:00,FT,3rd Round,Slovácko,3719,Dukla Praha,3715,3,4,True
1134118,2023-09-27T16:00:00+00:00,FT,3rd Round,Vysočina Jihlava,3731,Hradec Králové,3723,0,1,True
1134125,2023-10-10T15:00:00+00:00,FT,3rd Round,České Budějovice,3736,Chrudim,3722,2,0,True
1134130,2023-10-11T13:00:00+00:00,FT,3rd Round,Uničov,7369,Zlin,603,1,2,True
1134126,2023-10-11T13:30:00+00:00,FT,3rd Round,Kolín,7309,Bohemians 1905,3714,1,7,True
1134129,2023-10-11T16:00:00+00:00,FT,3rd Round,Viktoria Žižkov,3729,Sigma Olomouc,2250,0,1,True
1134122,2023-10-12T14:00:00+00:00,FT,3rd Round,Mariánské Lázně,7317,Plzen,567,0,10,True
1137684,2023-11-01T12:30:00+00:00,FT,Round of 16,Dukla Praha,3715,Vyškov,7379,3,1,True
1137685,2023-11-01T15:30:00+00:00,FT,Round of 16,Slovan Liberec,782,Mlada Boleslav,640,1,0,True
1138736,2023-11-01T16:30:00+00:00,FT,Round of 16,Baník Ostrava,3713,Zlin,603,0,1,True
1138734,2023-11-01T16:30:00+00:00,FT,Round of 16,Bohemians 1905,3714,Sparta Praha,628,1,2,True
1138735,2023-11-16T14:00:00+00:00,FT,Round of 16,Sigma Olomouc,2250,Plzen,567,1,3,True
1137953,2023-11-16T16:00:00+00:00,FT,Round of 16,České Budějovice,3736,FK Jablonec,1122,1,2,True
1137683,2023-11-17T12:00:00+00:00,FT,Round of 16,Slovan Velvary,7348,Opava,3717,1,2,True
1137686,2023-12-06T17:00:00+00:00,FT,Round of 16,Hradec Králové,3723,Slavia Praha,560,0,2,True
1146696,2024-02-25T13:00:00+00:00,FT,Quarter-finals,Opava,3717,Dukla Praha,3715,2,0,True
1146699,2024-02-28T16:00:00+00:00,AET,Quarter-finals,Zlin,603,Slovan Liberec,782,2,1,False
1146697,2024-02-28T17:00:00+00:00,AET,Quarter-finals,Slavia Praha,560,Sparta Praha,628,2,3,False
1146698,2024-04-02T16:00:00+00:00,FT,Quarter-finals,FK Jablonec,1122,Plzen,567,0,3,True
1180078,2024-04-03T16:00:00+00:00,FT,Semi-finals,Opava,3717,Sparta Praha,628,0,2,True
1192731,2024-04-24T16:00:00+00:00,FT,Semi-finals,Plzen,567,Zlin,603,3,0,True
1197565,2024-05-22T16:00:00+00:00,FT,Final,Plzen,567,Sparta Praha,628,1,2,True
