fixture_id,date,status,home_team,home_team_id,away_team,away_team_id,home_score,away_score,played
1505711,2026-01-17T01:30:00+00:00,FT,Veraguas,15620,Deportivo Universitario,2888,1,2,True
1505712,2026-01-17T21:00:00+00:00,FT,Herrera,15619,Independiente de La Chorrera,2890,0,4,True
1505713,2026-01-17T23:15:00+00:00,FT,San Francisco FC,2887,Union Cocle,27364,1,1,True
1505714,2026-01-18T01:30:00+00:00,FT,Plaza Amador,2883,Sporting San Miguelito,2889,0,3,True
1505715,2026-01-19T00:15:00+00:00,FT,Alianza FC,2881,Tauro FC,2885,1,1,True
1505716,2026-01-20T01:30:00+00:00,FT,UMECIT,20788,CD Arabe Unido,2882,1,0,True
1510050,2026-01-24T01:30:00+00:00,FT,San Francisco FC,2887,Herrera,15619,2,2,True
1510051,2026-01-24T23:15:00+00:00,FT,Deportivo Universitario,2888,Independiente de La Chorrera,2890,1,1,True
1510052,2026-01-25T01:30:00+00:00,FT,CD Arabe Unido,2882,Alianza FC,2881,2,2,True
1510053,2026-01-25T21:00:00+00:00,FT,Union Cocle,27364,Veraguas,15620,2,2,True
1510054,2026-01-25T23:15:00+00:00,FT,Tauro FC,2885,Sporting San Miguelito,2889,0,0,True
1510055,2026-01-27T01:30:00+00:00,FT,UMECIT,20788,Plaza Amador,2883,1,0,True
1510056,2026-01-31T01:30:00+00:00,FT,Alianza FC,2881,UMECIT,20788,2,1,True
1510057,2026-01-31T23:15:00+00:00,FT,Independiente de La Chorrera,2890,Union Cocle,27364,0,0,True
1510058,2026-02-01T01:30:00+00:00,FT,Plaza Amador,2883,Tauro FC,2885,0,1,True
1510059,2026-02-01T21:00:00+00:00,FT,Herrera,15619,Deportivo Universitario,2888,1,1,True
1510060,2026-02-01T23:15:00+00:00,FT,Sporting San Miguelito,2889,CD Arabe Unido,2882,0,2,True
1510061,2026-02-03T01:30:00+00:00,FT,Veraguas,15620,San Francisco FC,2887,1,0,True
1510062,2026-02-07T01:30:00+00:00,FT,San Francisco FC,2887,Independiente de La Chorrera,2890,0,3,True
1510063,2026-02-07T21:00:00+00:00,FT,UMECIT,20788,Sporting San Miguelito,2889,2,2,True
1510064,2026-02-07T23:15:00+00:00,FT,Alianza FC,2881,Plaza Amador,2883,1,1,True
1510065,2026-02-08T01:30:00+00:00,FT,CD Arabe Unido,2882,Tauro FC,2885,1,0,True
1510066,2026-02-08T21:00:00+00:00,FT,Union Cocle,27364,Deportivo Universitario,2888,0,0,True
1510067,2026-02-08T23:15:00+00:00,FT,Veraguas,15620,Herrera,15619,5,0,True
1510070,2026-02-11T21:00:00+00:00,FT,Tauro FC,2885,UMECIT,20788,3,1,True
1510069,2026-02-11T23:15:00+00:00,FT,Deportivo Universitario,2888,San Francisco FC,2887,3,3,True
1510068,2026-02-12T01:30:00+00:00,FT,Sporting San Miguelito,2889,Alianza FC,2881,1,0,True
1510071,2026-02-12T21:00:00+00:00,FT,Herrera,15619,Union Cocle,27364,0,1,True
1510072,2026-02-12T23:15:00+00:00,FT,Independiente de La Chorrera,2890,Veraguas,15620,1,0,True
1510073,2026-02-13T01:30:00+00:00,FT,Plaza Amador,2883,CD Arabe Unido,2882,1,0,True
1510074,2026-02-21T01:30:00+00:00,FT,San Francisco FC,2887,UMECIT,20788,2,1,True
1510075,2026-02-22T01:30:00+00:00,FT,Plaza Amador,2883,Herrera,15619,7,2,True
1510076,2026-02-22T21:00:00+00:00,FT,Union Cocle,27364,CD Arabe Unido,2882,1,0,True
1510077,2026-02-22T23:15:00+00:00,FT,Alianza FC,2881,Veraguas,15620,5,3,True
1510078,2026-02-24T01:30:00+00:00,FT,Independiente de La Chorrera,2890,Tauro FC,2885,2,2,True
1510080,2026-02-28T01:30:00+00:00,FT,Tauro FC,2885,Union Cocle,27364,1,3,True
1510081,2026-02-28T23:15:00+00:00,FT,UMECIT,20788,Deportivo Universitario,2888,3,0,True
1510085,2026-03-01T01:30:00+00:00,FT,Veraguas,15620,Plaza Amador,2883,1,1,True
1510083,2026-03-01T21:00:00+00:00,FT,Herrera,15619,CD Arabe Unido,2882,2,1,True
1510084,2026-03-01T23:15:00+00:00,FT,Sporting San Miguelito,2889,Independiente de La Chorrera,2890,1,1,True
1510082,2026-03-03T01:30:00+00:00,FT,Alianza FC,2881,San Francisco FC,2887,3,3,True
1510079,2026-03-05T01:00:00+00:00,FT,Deportivo Universitario,2888,Sporting San Miguelito,2889,1,1,True
1510086,2026-03-07T01:30:00+00:00,FT,Tauro FC,2885,Herrera,15619,0,0,True
1510087,2026-03-07T23:15:00+00:00,FT,Deportivo Universitario,2888,Alianza FC,2881,0,1,True
1510088,2026-03-08T01:30:00+00:00,FT,Plaza Amador,2883,San Francisco FC,2887,2,1,True
1510089,2026-03-08T21:00:00+00:00,FT,Union Cocle,27364,Sporting San Miguelito,2889,1,2,True
1510090,2026-03-08T23:15:00+00:00,FT,Independiente de La Chorrera,2890,UMECIT,20788,1,1,True
1510091,2026-03-10T01:30:00+00:00,FT,CD Arabe Unido,2882,Veraguas,15620,2,3,True
1510092,2026-03-14T01:30:00+00:00,FT,San Francisco FC,2887,CD Arabe Unido,2882,0,1,True
1510097,2026-03-14T23:15:00+00:00,FT,Veraguas,15620,Tauro FC,2885,1,1,True
1510094,2026-03-15T01:30:00+00:00,FT,Deportivo Universitario,2888,Plaza Amador,2883,3,4,True
1510095,2026-03-15T21:00:00+00:00,FT,Herrera,15619,Sporting San Miguelito,2889,1,1,True
1510096,2026-03-15T23:15:00+00:00,FT,Alianza FC,2881,Independiente de La Chorrera,2890,1,0,True
1510093,2026-03-17T01:30:00+00:00,FT,UMECIT,20788,Union Cocle,27364,1,1,True
1510098,2026-03-21T01:30:00+00:00,FT,San Francisco FC,2887,Tauro FC,2885,1,4,True
1510099,2026-03-21T23:15:00+00:00,FT,Independiente de La Chorrera,2890,Plaza Amador,2883,0,1,True
1510100,2026-03-22T01:30:00+00:00,FT,CD Arabe Unido,2882,Deportivo Universitario,2888,1,0,True
1510101,2026-03-22T21:00:00+00:00,FT,Union Cocle,27364,Alianza FC,2881,0,0,True
1510102,2026-03-22T23:15:00+00:00,FT,Sporting San Miguelito,2889,Veraguas,15620,2,3,True
1510103,2026-03-24T01:30:00+00:00,FT,UMECIT,20788,Herrera,15619,1,0,True
1510104,2026-03-28T01:30:00+00:00,FT,Tauro FC,2885,Deportivo Universitario,2888,2,0,True
1510105,2026-03-28T23:15:00+00:00,FT,Veraguas,15620,UMECIT,20788,1,4,True
1510106,2026-03-29T01:30:00+00:00,FT,Plaza Amador,2883,Union Cocle,27364,1,0,True
1510107,2026-03-29T21:00:00+00:00,FT,Herrera,15619,Alianza FC,2881,1,2,True
1510108,2026-03-29T23:15:00+00:00,FT,Sporting San Miguelito,2889,San Francisco FC,2887,0,1,True
1510109,2026-03-31T01:30:00+00:00,FT,CD Arabe Unido,2882,Independiente de La Chorrera,2890,2,0,True
1510110,2026-04-04T21:00:00+00:00,FT,San Francisco FC,2887,Veraguas,15620,1,0,True
1510115,2026-04-04T23:15:00+00:00,FT,UMECIT,20788,Alianza FC,2881,1,1,True
1510111,2026-04-05T01:30:00+00:00,FT,Tauro FC,2885,Plaza Amador,2883,0,1,True
1510113,2026-04-05T21:00:00+00:00,FT,Union Cocle,27364,Independiente de La Chorrera,2890,0,0,True
1510112,2026-04-05T23:15:00+00:00,FT,CD Arabe Unido,2882,Sporting San Miguelito,2889,1,0,True
1510114,2026-04-07T01:30:00+00:00,FT,Deportivo Universitario,2888,Herrera,15619,2,0,True
1510116,2026-04-11T01:30:00+00:00,FT,Tauro FC,2885,CD Arabe Unido,2882,4,0,True
1510117,2026-04-11T23:15:00+00:00,FT,Independiente de La Chorrera,2890,San Francisco FC,2887,0,0,True
1510118,2026-04-12T01:30:00+00:00,FT,Plaza Amador,2883,Alianza FC,2881,1,1,True
1510119,2026-04-12T21:00:00+00:00,FT,Herrera,15619,Veraguas,15620,1,2,True
1510120,2026-04-12T23:15:00+00:00,FT,Deportivo Universitario,2888,Union Cocle,27364,2,0,True
1510121,2026-04-14T01:30:00+00:00,FT,Sporting San Miguelito,2889,UMECIT,20788,2,2,True
1510122,2026-04-18T21:00:00+00:00,FT,Tauro FC,2885,Alianza FC,2881,1,1,True
1510123,2026-04-18T23:15:00+00:00,FT,Deportivo Universitario,2888,Veraguas,15620,0,1,True
1510124,2026-04-19T01:30:00+00:00,FT,CD Arabe Unido,2882,UMECIT,20788,1,1,True
1510125,2026-04-19T21:00:00+00:00,FT,Union Cocle,27364,San Francisco FC,2887,1,0,True
1510126,2026-04-19T23:15:00+00:00,FT,Sporting San Miguelito,2889,Plaza Amador,2883,0,3,True
1510127,2026-04-21T01:30:00+00:00,FT,Independiente de La Chorrera,2890,Herrera,15619,2,2,True
1510131,2026-04-26T01:00:00+00:00,FT,Alianza FC,2881,CD Arabe Unido,2882,2,2,True
1510133,2026-04-26T01:00:00+00:00,FT,Plaza Amador,2883,UMECIT,20788,2,2,True
1510132,2026-04-26T01:00:00+00:00,FT,Sporting San Miguelito,2889,Tauro FC,2885,2,0,True
1510129,2026-04-26T21:00:00+00:00,FT,Independiente de La Chorrera,2890,Deportivo Universitario,2888,3,2,True
1510128,2026-04-26T21:00:00+00:00,FT,Herrera,15619,San Francisco FC,2887,1,2,True
1510130,2026-04-26T21:00:00+00:00,FT,Veraguas,15620,Union Cocle,27364,1,1,True
1510134,2026-05-02T21:00:00+00:00,FT,San Francisco FC,2887,Deportivo Universitario,2888,5,2,True
1510136,2026-05-02T21:00:00+00:00,FT,Veraguas,15620,Independiente de La Chorrera,2890,1,0,True
1510135,2026-05-02T21:00:00+00:00,FT,Union Cocle,27364,Herrera,15619,4,0,True
1510137,2026-05-03T01:30:00+00:00,FT,Alianza FC,2881,Sporting San Miguelito,2889,3,2,True
1510138,2026-05-03T01:30:00+00:00,FT,CD Arabe Unido,2882,Plaza Amador,2883,0,3,True
1510139,2026-05-03T01:30:00+00:00,FT,UMECIT,20788,Tauro FC,2885,5,2,True
1543801,2026-05-06T01:00:00+00:00,PEN,Alianza FC,2881,Independiente de La Chorrera,2890,2,2,False
1543802,2026-05-06T20:00:00+00:00,PEN,Union Cocle,27364,UMECIT,20788,1,1,False
1544394,2026-05-10T01:30:00+00:00,FT,Alianza FC,2881,Veraguas,15620,0,0,True
1544395,2026-05-10T21:00:00+00:00,FT,UMECIT,20788,Plaza Amador,2883,2,2,True
1544396,2026-05-16T01:30:00+00:00,FT,Plaza Amador,2883,UMECIT,20788,3,0,True
1544397,2026-05-17T01:30:00+00:00,PEN,Veraguas,15620,Alianza FC,2881,1,1,False
1545372,2026-05-23T23:00:00+00:00,AET,Plaza Amador,2883,Alianza FC,2881,3,2,False
1583717,2026-07-25T01:30:00+00:00,FT,CD Arabe Unido,2882,Plaza Amador,2883,2,2,True
1583718,2026-07-25T23:15:00+00:00,FT,Alianza FC,2881,UMECIT,20788,0,0,True
1583719,2026-07-26T01:30:00+00:00,FT,Deportivo Universitario,2888,San Francisco FC,2887,1,2,True
1583720,2026-07-26T21:00:00+00:00,FT,Herrera,15619,Union Cocle,27364,1,0,True
1583721,2026-07-26T23:15:00+00:00,FT,Veraguas,15620,Independiente de La Chorrera,2890,1,1,True
1583722,2026-07-28T01:30:00+00:00,FT,Tauro FC,2885,Sporting San Miguelito,2889,0,0,True
1583723,2026-08-01T01:30:00+00:00,FT,CD Arabe Unido,2882,Alianza FC,2881,0,1,True
1583724,2026-08-01T23:15:00+00:00,FT,Sporting San Miguelito,2889,Plaza Amador,2883,0,2,True
1583725,2026-08-02T01:30:00+00:00,FT,Tauro FC,2885,UMECIT,20788,1,1,True
1583726,2026-08-02T21:00:00+00:00,FT,Union Cocle,27364,San Francisco FC,2887,2,1,True
1583727,2026-08-02T23:15:00+00:00,FT,Veraguas,15620,Deportivo Universitario,2888,2,1,True
1583728,2026-08-04T01:00:00+00:00,FT,Independiente de La Chorrera,2890,Herrera,15619,0,0,True
1583729,2026-08-08T01:30:00+00:00,NS,San Francisco FC,2887,Herrera,15619,,,False
1583730,2026-08-08T23:15:00+00:00,NS,Plaza Amador,2883,Tauro FC,2885,,,False
1583731,2026-08-09T01:30:00+00:00,NS,UMECIT,20788,CD Arabe Unido,2882,,,False
1583732,2026-08-09T21:00:00+00:00,NS,Union Cocle,27364,Veraguas,15620,,,False
1583733,2026-08-09T23:15:00+00:00,NS,Sporting San Miguelito,2889,Alianza FC,2881,,,False
1583734,2026-08-11T01:30:00+00:00,NS,Independiente de La Chorrera,2890,Deportivo Universitario,2888,,,False
1583735,2026-08-15T01:30:00+00:00,NS,San Francisco FC,2887,Independiente de La Chorrera,2890,,,False
1583736,2026-08-15T23:15:00+00:00,NS,UMECIT,20788,Sporting San Miguelito,2889,,,False
1583740,2026-08-16T01:30:00+00:00,NS,Deportivo Universitario,2888,Union Cocle,27364,,,False
1583738,2026-08-16T21:00:00+00:00,NS,Herrera,15619,Veraguas,15620,,,False
1583739,2026-08-16T23:15:00+00:00,NS,Alianza FC,2881,Plaza Amador,2883,,,False
1583737,2026-08-18T01:30:00+00:00,NS,Tauro FC,2885,CD Arabe Unido,2882,,,False
1583741,2026-08-22T01:30:00+00:00,NS,CD Arabe Unido,2882,Sporting San Miguelito,2889,,,False
1583742,2026-08-22T23:15:00+00:00,NS,Independiente de La Chorrera,2890,Union Cocle,27364,,,False
1583743,2026-08-23T01:30:00+00:00,NS,Veraguas,15620,San Francisco FC,2887,,,False
1583744,2026-08-23T21:00:00+00:00,NS,Herrera,15619,Deportivo Universitario,2888,,,False
1583745,2026-08-23T23:15:00+00:00,NS,Plaza Amador,2883,UMECIT,20788,,,False
1583746,2026-08-25T01:30:00+00:00,NS,Alianza FC,2881,Tauro FC,2885,,,False
1583747,2026-08-29T01:30:00+00:00,NS,Tauro FC,2885,Independiente de La Chorrera,2890,,,False
1583748,2026-08-29T23:15:00+00:00,NS,Deportivo Universitario,2888,CD Arabe Unido,2882,,,False
1583749,2026-08-30T01:30:00+00:00,NS,San Francisco FC,2887,Plaza Amador,2883,,,False
1583750,2026-08-30T21:00:00+00:00,NS,Union Cocle,27364,Alianza FC,2881,,,False
1583751,2026-08-30T23:15:00+00:00,NS,Sporting San Miguelito,2889,Herrera,15619,,,False
1583752,2026-09-01T01:30:00+00:00,NS,UMECIT,20788,Veraguas,15620,,,False
1583753,2026-09-05T01:30:00+00:00,NS,CD Arabe Unido,2882,Veraguas,15620,,,False
1583754,2026-09-05T23:15:00+00:00,NS,Deportivo Universitario,2888,Sporting San Miguelito,2889,,,False
1583755,2026-09-06T01:30:00+00:00,NS,Plaza Amador,2883,Herrera,15619,,,False
1583756,2026-09-06T21:00:00+00:00,NS,Union Cocle,27364,Tauro FC,2885,,,False
1583757,2026-09-06T23:15:00+00:00,NS,Alianza FC,2881,San Francisco FC,2887,,,False
1583758,2026-09-08T01:30:00+00:00,NS,UMECIT,20788,Independiente de La Chorrera,2890,,,False
1583759,2026-09-12T01:30:00+00:00,NS,CD Arabe Unido,2882,Union Cocle,27364,,,False
1583760,2026-09-12T23:15:00+00:00,NS,Independiente de La Chorrera,2890,Plaza Amador,2883,,,False
1583761,2026-09-13T01:30:00+00:00,NS,Tauro FC,2885,Deportivo Universitario,2888,,,False
1583762,2026-09-13T21:00:00+00:00,NS,Herrera,15619,UMECIT,20788,,,False
1583763,2026-09-13T23:15:00+00:00,NS,Veraguas,15620,Alianza FC,2881,,,False
1583764,2026-09-15T01:30:00+00:00,NS,Sporting San Miguelito,2889,San Francisco FC,2887,,,False
1583765,2026-09-19T01:30:00+00:00,NS,San Francisco FC,2887,CD Arabe Unido,2882,,,False
1583766,2026-09-19T23:15:00+00:00,NS,Independiente de La Chorrera,2890,Sporting San Miguelito,2889,,,False
1583767,2026-09-20T01:30:00+00:00,NS,Plaza Amador,2883,Veraguas,15620,,,False
1583768,2026-09-20T21:00:00+00:00,NS,Herrera,15619,Tauro FC,2885,,,False
1583769,2026-09-20T23:15:00+00:00,NS,Alianza FC,2881,Deportivo Universitario,2888,,,False
1583770,2026-09-22T01:30:00+00:00,NS,UMECIT,20788,Union Cocle,27364,,,False
1583771,2026-09-26T01:30:00+00:00,NS,CD Arabe Unido,2882,Herrera,15619,,,False
1583772,2026-09-26T23:15:00+00:00,NS,Deportivo Universitario,2888,UMECIT,20788,,,False
1583773,2026-09-27T01:30:00+00:00,NS,Tauro FC,2885,San Francisco FC,2887,,,False
1583774,2026-09-27T21:00:00+00:00,NS,Union Cocle,27364,Plaza Amador,2883,,,False
1583775,2026-09-27T23:15:00+00:00,NS,Veraguas,15620,Sporting San Miguelito,2889,,,False
1583776,2026-09-29T01:30:00+00:00,NS,Alianza FC,2881,Independiente de La Chorrera,2890,,,False
1583777,2026-10-03T01:30:00+00:00,NS,San Francisco FC,2887,UMECIT,20788,,,False
1583778,2026-10-03T23:15:00+00:00,NS,Independiente de La Chorrera,2890,CD Arabe Unido,2882,,,False
1583779,2026-10-04T01:30:00+00:00,NS,Plaza Amador,2883,Deportivo Universitario,2888,,,False
1583780,2026-10-04T21:00:00+00:00,NS,Herrera,15619,Alianza FC,2881,,,False
1583781,2026-10-04T23:15:00+00:00,NS,Veraguas,15620,Tauro FC,2885,,,False
1583782,2026-10-06T01:30:00+00:00,NS,Sporting San Miguelito,2889,Union Cocle,27364,,,False
1583783,2026-10-10T01:30:00+00:00,NS,San Francisco FC,2887,Deportivo Universitario,2888,,,False
1583784,2026-10-10T23:15:00+00:00,NS,Independiente de La Chorrera,2890,Veraguas,15620,,,False
1583785,2026-10-11T01:30:00+00:00,NS,Plaza Amador,2883,CD Arabe Unido,2882,,,False
1583786,2026-10-11T21:00:00+00:00,NS,Union Cocle,27364,Herrera,15619,,,False
1583788,2026-10-11T23:15:00+00:00,NS,UMECIT,20788,Alianza FC,2881,,,False
1583787,2026-10-13T01:30:00+00:00,NS,Sporting San Miguelito,2889,Tauro FC,2885,,,False
1583789,2026-10-17T01:30:00+00:00,NS,CD Arabe Unido,2882,UMECIT,20788,,,False
1583790,2026-10-17T23:15:00+00:00,NS,Deportivo Universitario,2888,Independiente de La Chorrera,2890,,,False
1583791,2026-10-18T01:30:00+00:00,NS,Tauro FC,2885,Plaza Amador,2883,,,False
1583792,2026-10-18T21:00:00+00:00,NS,Herrera,15619,San Francisco FC,2887,,,False
1583793,2026-10-18T23:15:00+00:00,NS,Alianza FC,2881,Sporting San Miguelito,2889,,,False
1583794,2026-10-20T01:30:00+00:00,NS,Veraguas,15620,Union Cocle,27364,,,False
1583795,2026-10-24T01:30:00+00:00,NS,CD Arabe Unido,2882,Tauro FC,2885,,,False
1583799,2026-10-24T23:15:00+00:00,NS,Plaza Amador,2883,Alianza FC,2881,,,False
1583797,2026-10-25T00:30:00+00:00,NS,Independiente de La Chorrera,2890,San Francisco FC,2887,,,False
1583798,2026-10-25T21:00:00+00:00,NS,Union Cocle,27364,Deportivo Universitario,2888,,,False
1583796,2026-10-25T23:15:00+00:00,NS,Veraguas,15620,Herrera,15619,,,False
1583800,2026-10-27T01:30:00+00:00,NS,Sporting San Miguelito,2889,UMECIT,20788,,,False
1583801,2026-10-31T01:00:00+00:00,NS,Alianza FC,2881,CD Arabe Unido,2882,,,False
1583802,2026-10-31T01:00:00+00:00,NS,Plaza Amador,2883,Sporting San Miguelito,2889,,,False
1583803,2026-10-31T01:00:00+00:00,NS,UMECIT,20788,Tauro FC,2885,,,False
1583806,2026-11-01T21:00:00+00:00,NS,San Francisco FC,2887,Union Cocle,27364,,,False
1583804,2026-11-01T21:00:00+00:00,NS,Deportivo Universitario,2888,Veraguas,15620,,,False
1583805,2026-11-01T21:00:00+00:00,NS,Herrera,15619,Independiente de La Chorrera,2890,,,False
1583808,2026-11-08T01:00:00+00:00,NS,Tauro FC,2885,Alianza FC,2881,,,False
1583807,2026-11-08T01:00:00+00:00,NS,Sporting San Miguelito,2889,CD Arabe Unido,2882,,,False
1583809,2026-11-08T01:00:00+00:00,NS,UMECIT,20788,Plaza Amador,2883,,,False
1583811,2026-11-08T21:00:00+00:00,NS,San Francisco FC,2887,Veraguas,15620,,,False
1583810,2026-11-08T21:00:00+00:00,NS,Deportivo Universitario,2888,Herrera,15619,,,False
1583812,2026-11-08T21:00:00+00:00,NS,Union Cocle,27364,Independiente de La Chorrera,2890,,,False
