fixture_id,date,status,round,home_team,home_team_id,away_team,away_team_id,home_score,away_score,played,venue_id
727881,2021-08-07T14:00:00+00:00,CANC,Round of 16,Sputnik,3394,FC Dnepr Mogilev,384,,,False,
705772,2021-05-08T00:00:00+00:00,FT,Preliminary Round,Granit,3385,DYuSSh-3 Pinsk,7793,1,4,True,
705787,2021-05-08T00:00:00+00:00,FT,Preliminary Round,Oshmyany,4275,Smena Vawkavysk,16665,1,0,True,
705771,2021-05-08T00:00:00+00:00,FT,Preliminary Round,Gorki,7795,Krasnopole,16645,1,0,True,
705782,2021-05-08T00:00:00+00:00,FT,Preliminary Round,Ivatsevichi,7796,Ivanovo,16642,3,0,True,5643
705778,2021-05-08T00:00:00+00:00,FT,Preliminary Round,Molodechno-DYuSSh 4,7798,Kolos Cherven,16643,5,0,True,3266
705785,2021-05-08T00:00:00+00:00,FT,Preliminary Round,Lyuban',7803,Kletsk,7797,2,5,True,11564
705777,2021-05-08T00:00:00+00:00,FT,Preliminary Round,Montazhnik,7809,Bumprom,7802,2,1,True,168
705783,2021-05-08T00:00:00+00:00,AET,Preliminary Round,Zhlobin,11258,Svetlogorsk,16711,2,2,False,7527
705775,2021-05-08T00:00:00+00:00,FT,Preliminary Round,Miory,11269,Lepel,16648,0,3,True,7523
705769,2021-05-08T00:00:00+00:00,FT,Preliminary Round,Dinamo Malorita,13146,Euroexport,16632,8,0,True,8299
705781,2021-05-08T00:00:00+00:00,PEN,Preliminary Round,Stroitel Kapyl,13970,Viktoriya Maryina Horka,7801,0,0,False,
705784,2021-05-08T00:00:00+00:00,FT,Preliminary Round,Berezino,16627,Falko,16636,0,4,True,
705788,2021-05-08T00:00:00+00:00,FT,Preliminary Round,Brestzhilstroy,16628,Niva,16656,2,0,True,
705768,2021-05-08T00:00:00+00:00,FT,Preliminary Round,DYUSSH Stolin,16630,Nadezhda,16655,3,0,True,
705773,2021-05-08T00:00:00+00:00,FT,Preliminary Round,Drogichin,16631,Krechet,16646,0,1,True,
705780,2021-05-08T00:00:00+00:00,FT,Preliminary Round,FK Viliya,16635,Smolevichi-Sti,381,0,5,True,
705774,2021-05-08T00:00:00+00:00,FT,Preliminary Round,Gorodok lions,16639,FC Chashniki,16633,7,0,True,
705786,2021-05-08T00:00:00+00:00,AET,Preliminary Round,Grodnensky,16640,Chayka Zelva,13145,1,0,False,11567
705779,2021-05-08T00:00:00+00:00,FT,Preliminary Round,Krupki,16647,Livadija,16651,2,1,True,
705770,2021-05-08T00:00:00+00:00,AET,Preliminary Round,Leskhoz,16649,Vertykal,7811,4,3,False,
705776,2021-05-08T00:00:00+00:00,FT,Preliminary Round,Senno,16663,Polotsk,11250,4,2,True,
705792,2021-05-09T00:00:00+00:00,FT,Preliminary Round,Energosbyt-BSATU,7794,Partizan Salihorsk,16709,0,2,True,
705802,2021-05-09T00:00:00+00:00,FT,Preliminary Round,Uzda,7800,Urozhaynaya,16729,4,2,True,3266
705795,2021-05-09T00:00:00+00:00,FT,Preliminary Round,Kobrin,11248,Pruzhany,16660,5,1,True,7519
705790,2021-05-09T00:00:00+00:00,FT,Preliminary Round,BGU Minsk,13144,Spartak Slutsk,16677,3,0,True,172
705797,2021-05-09T00:00:00+00:00,FT,Preliminary Round,Ostrovets FC,13149,Slonim City,16664,11,0,True,8300
705800,2021-05-09T00:00:00+00:00,FT,Preliminary Round,BC Maxline,16625,Mozyr NPZ,16653,6,0,True,5648
705798,2021-05-09T00:00:00+00:00,AET,Preliminary Round,Belaya Rus,16626,Neman Mosty,11260,1,1,False,
705793,2021-05-09T00:00:00+00:00,FT,Preliminary Round,Luninets,16652,Novaya Pripyat,13968,5,2,True,2204
705794,2021-05-09T00:00:00+00:00,AET,Preliminary Round,Niva Tolochin,16657,AviaDor Orsha,16708,3,1,False,
705791,2021-05-09T00:00:00+00:00,FT,Preliminary Round,Prodcenter,16659,Gazovik,16638,0,2,True,
705801,2021-05-09T00:00:00+00:00,AET,Preliminary Round,Schuchin,16662,Tsementnik,16712,1,2,False,1787
705789,2021-05-09T00:00:00+00:00,AET,Preliminary Round,Starye Dorogi,16666,Veras,16668,5,3,False,
705799,2021-05-09T00:00:00+00:00,FT,Preliminary Round,Svislach,16667,HCS-Olympia,16641,0,5,True,
705796,2021-05-09T00:00:00+00:00,FT,Preliminary Round,Postavy,16710,FK Glubokoe,16634,2,1,True,
705752,2021-05-22T00:00:00+00:00,FT,1st Round,Osipovichy,4273,Gorki,7795,2,1,True,3268
705753,2021-05-22T00:00:00+00:00,FT,1st Round,DYuSSh-3 Pinsk,7793,Luninets,16652,5,0,True,2211
705758,2021-05-22T00:00:00+00:00,FT,1st Round,Kletsk,7797,Kronon,13147,0,3,True,5644
705755,2021-05-22T00:00:00+00:00,FT,1st Round,SMI Autotrans,7799,Smolevichi-Sti,381,1,3,True,1780
705749,2021-05-22T00:00:00+00:00,FT,1st Round,Kobrin,11248,Krechet,16646,3,2,True,7519
705756,2021-05-22T00:00:00+00:00,AET,1st Round,Dinamo Malorita,13146,Brestzhilstroy,16628,4,2,False,8299
705757,2021-05-22T00:00:00+00:00,FT,1st Round,Stroitel Kapyl,13970,BGU Minsk,13144,2,1,True,
705748,2021-05-22T00:00:00+00:00,FT,1st Round,Falko,16636,Molodechno-DYuSSh 4,7798,2,7,True,
705754,2021-05-22T00:00:00+00:00,AET,1st Round,Lepel,16648,Niva Tolochin,16657,3,1,False,
705750,2021-05-22T00:00:00+00:00,FT,1st Round,Postavy,16710,Gazovik,16638,0,1,True,
705751,2021-05-22T00:00:00+00:00,FT,1st Round,Svetlogorsk,16711,BC Maxline,16625,1,3,True,
705767,2021-05-23T00:00:00+00:00,AET,1st Round,Oshmyany,4275,Grodnensky,16640,1,2,False,3269
705766,2021-05-23T00:00:00+00:00,FT,1st Round,Uzda,7800,Krupki,16647,5,1,True,3266
705765,2021-05-23T00:00:00+00:00,AET,1st Round,Spartak,11257,Kostyukovichy,16644,1,2,False,8650
705762,2021-05-23T00:00:00+00:00,AET,1st Round,Neman Mosty,11260,Tsementnik,16712,3,5,False,166
705759,2021-05-23T00:00:00+00:00,FT,1st Round,DYUSSH Stolin,16630,Ivatsevichi,7796,2,8,True,
705760,2021-05-23T00:00:00+00:00,FT,1st Round,Gorodok lions,16639,Senno,16663,0,1,True,
705764,2021-05-23T00:00:00+00:00,FT,1st Round,HCS-Olympia,16641,Ostrovets FC,13149,0,2,True,
705761,2021-05-23T00:00:00+00:00,FT,1st Round,Leskhoz,16649,Montazhnik,7809,4,1,True,
705763,2021-05-23T00:00:00+00:00,FT,1st Round,Partizan Salihorsk,16709,Starye Dorogi,16666,5,1,True,
705736,2021-05-29T10:00:00+00:00,AET,2nd Round,BC Maxline,16625,Volna,3395,2,4,False,5648
705742,2021-05-29T10:00:00+00:00,FT,2nd Round,Senno,16663,Lokomotiv Gomel,3388,1,6,True,
705740,2021-05-29T12:00:00+00:00,FT,2nd Round,Gazovik,16638,Naftan,750,1,8,True,7529
705735,2021-05-29T13:00:00+00:00,FT,2nd Round,Ivatsevichi,7796,Arsenal,9419,0,5,True,5643
705741,2021-05-29T13:00:00+00:00,FT,2nd Round,Kobrin,11248,Belshina,3384,0,3,True,7519
705734,2021-05-29T13:00:00+00:00,AET,2nd Round,Ostrovets FC,13149,Baranovichi,3383,1,1,False,8300
705733,2021-05-29T14:00:00+00:00,FT,2nd Round,DYuSSh-3 Pinsk,7793,Slonim,3392,3,2,True,2211
705743,2021-05-29T14:00:00+00:00,FT,2nd Round,Dinamo Malorita,13146,Kostyukovichy,16644,11,0,True,8299
705738,2021-05-29T14:30:00+00:00,FT,2nd Round,Kronon,13147,FC Dnepr Mogilev,384,1,4,True,3267
705745,2021-05-30T10:00:00+00:00,FT,2nd Round,Tsementnik,16712,Partizan Salihorsk,16709,0,3,True,
705747,2021-05-30T11:00:00+00:00,FT,2nd Round,Osipovichy,4273,Molodechno-DYuSSh 4,7798,1,2,True,3268
705739,2021-05-30T11:00:00+00:00,FT,2nd Round,Stroitel Kapyl,13970,Orsha,3390,0,4,True,
705744,2021-05-30T11:00:00+00:00,FT,2nd Round,Lepel,16648,Smolevichi-Sti,381,0,1,True,
705737,2021-05-30T12:00:00+00:00,FT,2nd Round,Grodnensky,16640,Lida,3387,1,6,True,11567
705746,2021-06-16T15:00:00+00:00,AET,2nd Round,Leskhoz,16649,Uzda,7800,1,1,False,
706460,2021-06-22T15:00:00+00:00,AET,Round of 32,NFK Minsk,3389,Neman,387,1,1,False,1787
706450,2021-06-22T15:30:00+00:00,FT,Round of 32,Baranovichi,3383,Bate Borisov,388,1,6,True,5643
706454,2021-06-22T15:45:00+00:00,FT,Round of 32,Volna,3395,Slavia Mozyr,751,0,1,True,2211
706452,2021-06-22T16:00:00+00:00,FT,Round of 32,Orsha,3390,FC Gomel,389,2,6,True,2208
706457,2021-06-22T16:15:00+00:00,FT,Round of 32,Molodechno-DYuSSh 4,7798,FC Energetik-Bgu Minsk,2433,0,4,True,1759
706455,2021-06-22T16:30:00+00:00,FT,Round of 32,Arsenal,9419,Smorgon,3393,2,1,True,165
706448,2021-06-22T17:00:00+00:00,FT,Round of 32,FC Dnepr Mogilev,384,FC Minsk,380,2,1,True,2595
706449,2021-06-23T14:45:00+00:00,FT,Round of 32,Dinamo Malorita,13146,FC Slutsk,379,1,2,True,8299
706451,2021-06-23T15:00:00+00:00,FT,Round of 32,Belshina,3384,Ruh Brest,3391,1,3,True,8650
706458,2021-06-23T15:30:00+00:00,AET,Round of 32,Lokomotiv Gomel,3388,FC Isloch Minsk R.,391,3,3,False,
706459,2021-06-23T15:45:00+00:00,FT,Round of 32,Smolevichi-Sti,381,FC Vitebsk,382,1,3,True,1780
706456,2021-06-23T16:00:00+00:00,FT,Round of 32,Lida,3387,Dinamo Minsk,394,0,3,True,
706453,2021-06-23T16:30:00+00:00,AET,Round of 32,Partizan Salihorsk,16709,Sputnik,3394,2,2,False,
706446,2021-07-10T13:30:00+00:00,AET,Round of 32,Naftan,750,Dinamo Brest,386,2,2,False,2202
706447,2021-07-10T15:30:00+00:00,FT,Round of 32,DYuSSh-3 Pinsk,7793,Torpedo Zhodino,385,0,2,True,5647
708772,2021-07-19T15:30:00+00:00,FT,Round of 32,Uzda,7800,Shakhter Soligorsk,392,0,3,True,
727884,2021-08-07T12:00:00+00:00,FT,Round of 16,FC Energetik-Bgu Minsk,2433,Neman,387,0,4,True,
727882,2021-08-07T14:00:00+00:00,FT,Round of 16,FC Slutsk,379,Dinamo Minsk,394,0,4,True,169
727886,2021-08-07T16:00:00+00:00,PEN,Round of 16,FC Vitebsk,382,Arsenal,9419,0,0,False,164
727887,2021-08-08T12:30:00+00:00,FT,Round of 16,Slavia Mozyr,751,Bate Borisov,388,1,2,True,168
727883,2021-08-08T15:00:00+00:00,PEN,Round of 16,Torpedo Zhodino,385,Lokomotiv Gomel,3388,0,0,False,170
727885,2021-08-08T17:00:00+00:00,FT,Round of 16,Dinamo Brest,386,Ruh Brest,3391,2,0,True,160
756149,2021-08-09T16:00:00+00:00,AET,Round of 16,Shakhter Soligorsk,392,FC Gomel,389,1,2,False,
840617,2022-03-06T11:00:00+00:00,FT,Quarter-finals,Dinamo Minsk,394,FC Gomel,389,1,1,True,21864
840619,2022-03-06T13:00:00+00:00,FT,Quarter-finals,FC Vitebsk,382,Dinamo Brest,386,2,0,True,164
840621,2022-03-07T13:00:00+00:00,FT,Quarter-finals,Neman,387,FC Dnepr Mogilev,384,3,0,True,
840623,2022-03-09T13:30:00+00:00,FT,Quarter-finals,Bate Borisov,388,Torpedo Zhodino,385,1,1,True,21864
840618,2022-03-12T12:00:00+00:00,FT,Quarter-finals,FC Gomel,389,Dinamo Minsk,394,3,1,True,2207
840620,2022-03-12T16:00:00+00:00,FT,Quarter-finals,Dinamo Brest,386,FC Vitebsk,382,1,0,True,160
840622,2022-03-13T10:00:00+00:00,FT,Quarter-finals,FC Dnepr Mogilev,384,Neman,387,0,0,True,7531
840624,2022-03-13T16:00:00+00:00,FT,Quarter-finals,Torpedo Zhodino,385,Bate Borisov,388,0,1,True,1787
849860,2022-04-06T14:00:00+00:00,FT,Semi-finals,Neman,387,Bate Borisov,388,2,1,True,10497
849862,2022-04-07T14:00:00+00:00,FT,Semi-finals,FC Gomel,389,FC Vitebsk,382,2,0,True,2207
849863,2022-04-27T14:00:00+00:00,FT,Semi-finals,FC Vitebsk,382,FC Gomel,389,1,0,True,164
849861,2022-04-27T16:30:00+00:00,FT,Semi-finals,Bate Borisov,388,Neman,387,2,0,True,
860357,2022-05-21T16:00:00+00:00,FT,Final,Bate Borisov,388,FC Gomel,389,1,2,True,2606
